No,SERIAL_NUM,APP_REG_NUM,USED_TIME
1,0A2C100001,MK69Y7SY,
2,0A2C100002,MKZ06HH8,
3,0A2C100003,MKW7ISZD,
4,0A2C100004,MKUOCU2M,
5,0A2C100005,MK82IFLE,
6,0A2C100006,MK08XDCD,
7,0A2C100007,MKLGF7WQ,
8,0A2C100008,MK0GIBJQ,
9,0A2C100009,MKV9MPWW,
10,0A2C100010,MKH00MPN,
11,0A2C100011,MK3MU6H4,
12,0A2C100012,MKMUXEW9,
13,0A2C100013,MK6TPPSD,
14,0A2C100014,MKA2U3G6,
15,0A2C100015,MKZR64ZX,
16,0A2C100016,MKI4F21E,
17,0A2C100017,MK7X7U9D,
18,0A2C100018,MK0PI1JD,
19,0A2C100019,MKLDGICH,
20,0A2C100020,MKEJ30T4,
21,0A2C100021,MKB7G17H,
22,0A2C100022,MKZ7JDLT,
23,0A2C100023,MKSWP6RK,
24,0A2C100024,MK1EY4JC,
25,0A2C100025,MKQMH0MU,
26,0A2C100026,MK1ZBIQL,
27,0A2C100027,MKUL1F9D,
28,0A2C100028,MK1DYKVP,
29,0A2C100029,MKU15RLV,
30,0A2C100030,MKLV4QHT,
31,0A2C100031,MKU1TVXV,
32,0A2C100032,MKHB7JDY,
33,0A2C100033,MKGNMO0A,
34,0A2C100034,MKQLE1O2,
35,0A2C100035,MKW2O2AE,
36,0A2C100036,MKHZOJHL,
37,0A2C100037,MKWE3DTW,
38,0A2C100038,MKC88P0Q,
39,0A2C100039,MKFZ7JNY,
40,0A2C100040,MKWHASUF,
41,0A2C100041,MKD2L8YA,
42,0A2C100042,MK27OG71,
43,0A2C100043,MKHBWQLQ,
44,0A2C100044,MKRCE1SA,
45,0A2C100045,MK3BOXKR,
46,0A2C100046,MK4CNDQD,
47,0A2C100047,MKSSASC5,
48,0A2C100048,MKCP8CYD,
49,0A2C100049,MK4EU7UC,
50,0A2C100050,MKN3V7GA,
51,0A2C100051,MKGQTCG3,
52,0A2C100052,MKSLWILU,
53,0A2C100053,MK0X38AH,
54,0A2C100054,MKWIBJBG,
55,0A2C100055,MKHQS93K,
56,0A2C100056,MKBA7Q9G,
57,0A2C100057,MKG118MC,
58,0A2C100058,MKQXZ7G2,
59,0A2C100059,MK6RW2JB,
60,0A2C100060,MKUNPAT9,
61,0A2C100061,MKVV53YM,
62,0A2C100062,MKUL7W6X,
63,0A2C100063,MK1YGM40,
64,0A2C100064,MK2Q1S41,
65,0A2C100065,MK8Q0IB9,
66,0A2C100066,MKH5BR26,
67,0A2C100067,MKNIQ7PN,
68,0A2C100068,MKMK8PKE,
69,0A2C100069,MKPY51EV,
70,0A2C100070,MK237LUW,
71,0A2C100071,MKYCDQIG,
72,0A2C100072,MKZNVC3T,
73,0A2C100073,MK418U2C,
74,0A2C100074,MKBARALW,
75,0A2C100075,MK15XQ1M,
76,0A2C100076,MK0VYN1L,
77,0A2C100077,MKHUQ2RR,
78,0A2C100078,MKMW70DB,
79,0A2C100079,MKUJHYVW,
80,0A2C100080,MK4N6KUV,
81,0A2C100081,MKOR8Q14,
82,0A2C100082,MK48L9RZ,
83,0A2C100083,MKFOU7QT,
84,0A2C100084,MK8AL1LB,
85,0A2C100085,MK4D7F8A,
86,0A2C100086,MKN9PH8S,
87,0A2C100087,MKGKWLJF,
88,0A2C100088,MKCQMM9W,
89,0A2C100089,MK9S6BEH,
90,0A2C100090,MKZR82A3,
91,0A2C100091,MKIZE32H,
92,0A2C100092,MKCRNI8U,
93,0A2C100093,MKHGXTD5,
94,0A2C100094,MKZZR8TS,
95,0A2C100095,MKY0P7US,
96,0A2C100096,MKQFRIF0,
97,0A2C100097,MK0WSQ0P,
98,0A2C100098,MKQ7ZY39,
99,0A2C100099,MKRX0EZA,
100,0A2C100100,MKGNMZ6W,
101,0A2C100101,MK5N0ELR,
102,0A2C100102,MKFWFLV3,
103,0A2C100103,MKHVAQ67,
104,0A2C100104,MKQNSCVE,
105,0A2C100105,MKVOXSSQ,
106,0A2C100106,MKYDXHOL,
107,0A2C100107,MKMRYKGQ,
108,0A2C100108,MKR6HBH3,
109,0A2C100109,MKW98ZEW,
110,0A2C100110,MKBNIBWH,
111,0A2C100111,MKH3A71K,
112,0A2C100112,MKNG2XWT,
113,0A2C100113,MK4TZMP1,
114,0A2C100114,MKGBGWQO,
115,0A2C100115,MK1S8NRL,
116,0A2C100116,MKKISE6K,
117,0A2C100117,MKDKSVO0,
118,0A2C100118,MKQ5APGI,
119,0A2C100119,MKHLYVIX,
120,0A2C100120,MKFCU3QE,
121,0A2C100121,MKY2LOSD,
122,0A2C100122,MKB1JFS1,
123,0A2C100123,MKH2AFPM,
124,0A2C100124,MK85QJWD,
125,0A2C100125,MKWO4OTM,
126,0A2C100126,MK1RW9UD,
127,0A2C100127,MKKRZCP3,
128,0A2C100128,MK4TGC1X,
129,0A2C100129,MK64AC5Q,
130,0A2C100130,MKMXDXCX,
131,0A2C100131,MKBO4AMT,
132,0A2C100132,MKLGBMKK,
133,0A2C100133,MKWJL336,
134,0A2C100134,MK02PIQ6,
135,0A2C100135,MK3D6K7H,
136,0A2C100136,MKB35JAE,
137,0A2C100137,MKLP8OOM,
138,0A2C100138,MKG5K7TI,
139,0A2C100139,MKY5T7GH,
140,0A2C100140,MKRWS085,
141,0A2C100141,MK80DFKK,
142,0A2C100142,MKF0GXJG,
143,0A2C100143,MKFGI9FG,
144,0A2C100144,MK3VQ6DY,
145,0A2C100145,MKUOXSST,
146,0A2C100146,MK69IV7M,
147,0A2C100147,MKD7AZEY,
148,0A2C100148,MKB21EQ9,
149,0A2C100149,MKMOOE06,
150,0A2C100150,MKQ3NPUH,
151,0A2C100151,MKO40PIP,
152,0A2C100152,MK1OKTP3,
153,0A2C100153,MKNEDL97,
154,0A2C100154,MK00GD7Y,
155,0A2C100155,MKEMYDW4,
156,0A2C100156,MKM18ZKE,
157,0A2C100157,MKRQGURQ,
158,0A2C100158,MK9WFALM,
159,0A2C100159,MKE0ZSQ2,
160,0A2C100160,MK53IEBZ,
161,0A2C100161,MKU3PYNC,
162,0A2C100162,MKQE9KPQ,
163,0A2C100163,MKRYHIYR,
164,0A2C100164,MKUFCI82,
165,0A2C100165,MKOIW0RV,
166,0A2C100166,MKX428PT,
167,0A2C100167,MKFSWVXW,
168,0A2C100168,MK0ANWGO,
169,0A2C100169,MKRWH8OM,
170,0A2C100170,MKX1791B,
171,0A2C100171,MKB0PVR3,
172,0A2C100172,MK9AOBHO,
173,0A2C100173,MKA7N485,
174,0A2C100174,MK8A8BOT,
175,0A2C100175,MKFYVKBS,
176,0A2C100176,MKTJKEX7,
177,0A2C100177,MKDUQLKV,
178,0A2C100178,MK46AI0K,
179,0A2C100179,MKZCA2KV,
180,0A2C100180,MK47X9KY,
181,0A2C100181,MKXB3PR9,
182,0A2C100182,MK06FNVY,
183,0A2C100183,MK9WX83Y,
184,0A2C100184,MK6JNSZN,
185,0A2C100185,MKK35HIQ,
186,0A2C100186,MK0DJGM5,
187,0A2C100187,MK6SWDYV,
188,0A2C100188,MKAN3REN,
189,0A2C100189,MKUY1SW3,
190,0A2C100190,MK8JB2W9,
191,0A2C100191,MKNY8QGN,
192,0A2C100192,MKV03SEG,
193,0A2C100193,MKSP1ZCE,
194,0A2C100194,MK3WJAUS,
195,0A2C100195,MKXVDJGB,
196,0A2C100196,MK074NK5,
197,0A2C100197,MKKP26RA,
198,0A2C100198,MK5IW4IN,
199,0A2C100199,MK9WQT8R,
200,0A2C100200,MKKG0LSG,
201,0A2C100201,MK23P7LQ,
202,0A2C100202,MKO49F2Y,
203,0A2C100203,MKV5Y5WU,
204,0A2C100204,MKAUG0VZ,
205,0A2C100205,MK6W0MQI,
206,0A2C100206,MK72RAPZ,
207,0A2C100207,MKTRVCB7,
208,0A2C100208,MKKSBSOH,
209,0A2C100209,MKOTY90B,
210,0A2C100210,MKVZWFS2,
211,0A2C100211,MKW92ZFC,
212,0A2C100212,MK3DR6O0,
213,0A2C100213,MKYO815J,
214,0A2C100214,MK0C17VD,
215,0A2C100215,MKSMKZ9L,
216,0A2C100216,MKT40WSQ,
217,0A2C100217,MKZHSAJ6,
218,0A2C100218,MKSAVBA0,
219,0A2C100219,MK7745WT,
220,0A2C100220,MKD7HYO6,
221,0A2C100221,MK6TJQY1,
222,0A2C100222,MK7NMNS1,
223,0A2C100223,MKMVABDV,
224,0A2C100224,MKI5UXJE,
225,0A2C100225,MKQN9D1W,
226,0A2C100226,MKLTVS6P,
227,0A2C100227,MKAH5U3S,
228,0A2C100228,MKK295QS,
229,0A2C100229,MKY6OBJ7,
230,0A2C100230,MK1AGZZ3,
231,0A2C100231,MKV14U0E,
232,0A2C100232,MKI2TZFY,
233,0A2C100233,MKQO4B2K,
234,0A2C100234,MKZ2GT1A,
235,0A2C100235,MKUR0QI8,
236,0A2C100236,MKLRNHYZ,
237,0A2C100237,MKAG0R3Z,
238,0A2C100238,MKTSLV20,
239,0A2C100239,MK0YR2OW,
240,0A2C100240,MKGRYDJU,
241,0A2C100241,MK4Z8890,
242,0A2C100242,MKWYFA9Y,
243,0A2C100243,MKX7OJCD,
244,0A2C100244,MK4XSCVQ,
245,0A2C100245,MK4MDWTH,
246,0A2C100246,MKRZBKT3,
247,0A2C100247,MKKTSUQH,
248,0A2C100248,MKPW4MKJ,
249,0A2C100249,MK8OX9H6,
250,0A2C100250,MK0SYKKK,
251,0A2C100251,MKZ1D9HQ,
252,0A2C100252,MKDWICEK,
253,0A2C100253,MK83A7BQ,
254,0A2C100254,MKQ2ROPU,
255,0A2C100255,MKUC8Q8T,
256,0A2C100256,MKAB3YMG,
257,0A2C100257,MKGCLFXW,
258,0A2C100258,MKGOV4S7,
259,0A2C100259,MKI8SQUG,
260,0A2C100260,MKDAY2MH,
261,0A2C100261,MKZ84Z33,
262,0A2C100262,MKP49Q9Z,
263,0A2C100263,MKX52PLJ,
264,0A2C100264,MK29QRG3,
265,0A2C100265,MKL4JRNM,
266,0A2C100266,MKQG6NF4,
267,0A2C100267,MK0DIIX0,
268,0A2C100268,MKWY2VG5,
269,0A2C100269,MKUGRW2K,
270,0A2C100270,MKARENND,
271,0A2C100271,MKV89GW4,
272,0A2C100272,MK6664KQ,
273,0A2C100273,MK5RCBX0,
274,0A2C100274,MKKCA89T,
275,0A2C100275,MK3NV10N,
276,0A2C100276,MKPHOLQ4,
277,0A2C100277,MKP88U2A,
278,0A2C100278,MK7VO22S,
279,0A2C100279,MKA8C6VI,
280,0A2C100280,MK35TPLN,
281,0A2C100281,MKW2UYEI,
282,0A2C100282,MKUXL34K,
283,0A2C100283,MKGFKGGJ,
284,0A2C100284,MK5Z1R5Q,
285,0A2C100285,MKGOC25Z,
286,0A2C100286,MKIV50NO,
287,0A2C100287,MKBIXVG7,
288,0A2C100288,MK8RTYI4,
289,0A2C100289,MKKGDTNS,
290,0A2C100290,MKMB0H47,
291,0A2C100291,MKZCPAA6,
292,0A2C100292,MKDJ7QYV,
293,0A2C100293,MKERGF3S,
294,0A2C100294,MKDSDWBU,
295,0A2C100295,MKUXBOLD,
296,0A2C100296,MKKZ13PZ,
297,0A2C100297,MKWUNUG3,
298,0A2C100298,MKFDC540,
299,0A2C100299,MK0OFF0A,
300,0A2C100300,MKV5NK3F,
301,0A2C100301,MK5A92XH,
302,0A2C100302,MK1I0U0O,
303,0A2C100303,MKYYOSFU,
304,0A2C100304,MKEUTXXA,
305,0A2C100305,MKR428SL,
306,0A2C100306,MK8WVFE2,
307,0A2C100307,MKEWWJD5,
308,0A2C100308,MKRMJZ3Y,
309,0A2C100309,MKZOF5A7,
310,0A2C100310,MK54EEIR,
311,0A2C100311,MK8KSFUT,
312,0A2C100312,MKVV90IC,
313,0A2C100313,MKMH7RSS,
314,0A2C100314,MK27QWKX,
315,0A2C100315,MKY6ZV8Y,
316,0A2C100316,MK3M37RW,
317,0A2C100317,MKP2DET8,
318,0A2C100318,MKFMRXIB,
319,0A2C100319,MK1GJQ59,
320,0A2C100320,MK3R7EZP,
321,0A2C100321,MKDPF0AU,
322,0A2C100322,MKLFDZDW,
323,0A2C100323,MK8YRVQH,
324,0A2C100324,MK5SP7JM,
325,0A2C100325,MKBJ95VI,
326,0A2C100326,MK5MJMI5,
327,0A2C100327,MKBE3FW8,
328,0A2C100328,MKEQT169,
329,0A2C100329,MK3HEQO1,
330,0A2C100330,MK1JMK8L,
331,0A2C100331,MK075D49,
332,0A2C100332,MKUD8RT2,
333,0A2C100333,MK8WGS2K,
334,0A2C100334,MKK5A5W7,
335,0A2C100335,MK2H2H3H,
336,0A2C100336,MK03GK6S,
337,0A2C100337,MK6X95V3,
338,0A2C100338,MKHKJNZV,
339,0A2C100339,MKIAMNLS,
340,0A2C100340,MKQ86FR2,
341,0A2C100341,MKILFTP1,
342,0A2C100342,MK4QGR5V,
343,0A2C100343,MK4XPX5K,
344,0A2C100344,MK8F0806,
345,0A2C100345,MKWC4EAA,
346,0A2C100346,MK7UYHBI,
347,0A2C100347,MKXV5CTD,
348,0A2C100348,MK2J3NPL,
349,0A2C100349,MKXKOD1Y,
350,0A2C100350,MKRLSDJK,
351,0A2C100351,MK7F5WOA,
352,0A2C100352,MKOTYJGL,
353,0A2C100353,MKF0CXL9,
354,0A2C100354,MKHNW4AS,
355,0A2C100355,MKHMXG4N,
356,0A2C100356,MK8YT7TS,
357,0A2C100357,MKC73WSS,
358,0A2C100358,MKEKCWVE,
359,0A2C100359,MKBAAUEV,
360,0A2C100360,MK5064BN,
361,0A2C100361,MKPQEMX4,
362,0A2C100362,MKODZVM9,
363,0A2C100363,MK6TFOPQ,
364,0A2C100364,MKEGJB3V,
365,0A2C100365,MKNU0WSU,
366,0A2C100366,MKRDRGED,
367,0A2C100367,MKIOEJVY,
368,0A2C100368,MKHNYIYP,
369,0A2C100369,MK0WJ9ZZ,
370,0A2C100370,MK144SK1,
371,0A2C100371,MKUNS91W,
372,0A2C100372,MK85LTIE,
373,0A2C100373,MKKUXW01,
374,0A2C100374,MKQ8YIIU,
375,0A2C100375,MKD0RL1L,
376,0A2C100376,MKMDEP6N,
377,0A2C100377,MK4VTIOO,
378,0A2C100378,MK7C4LD2,
379,0A2C100379,MKKVWENI,
380,0A2C100380,MKHM8KI5,
381,0A2C100381,MKX66HDA,
382,0A2C100382,MKUKZ465,
383,0A2C100383,MK53MR9V,
384,0A2C100384,MKANJUQD,
385,0A2C100385,MKHR5LWU,
386,0A2C100386,MKSQ4UIH,
387,0A2C100387,MKTQ6ROY,
388,0A2C100388,MK2VCPOW,
389,0A2C100389,MKW3LXTN,
390,0A2C100390,MK1IYXY3,
391,0A2C100391,MKPG8Y9C,
392,0A2C100392,MK28FGO3,
393,0A2C100393,MKRFLJX9,
394,0A2C100394,MK26M2TN,
395,0A2C100395,MKD4C546,
396,0A2C100396,MKTYX19I,
397,0A2C100397,MK40L95O,
398,0A2C100398,MKQHES7P,
399,0A2C100399,MKTG5VF1,
400,0A2C100400,MKUNILDU,
401,0A2C100401,MK4GXRSS,
402,0A2C100402,MKWJEI1E,
403,0A2C100403,MKZFGVNL,
404,0A2C100404,MKF3R5S0,
405,0A2C100405,MK1Y1COV,
406,0A2C100406,MKIMK5ZN,
407,0A2C100407,MKKLJQHQ,
408,0A2C100408,MKO6MBPG,
409,0A2C100409,MKU72HCQ,
410,0A2C100410,MKL6U612,
411,0A2C100411,MKZHN2AQ,
412,0A2C100412,MK7X5GCF,
413,0A2C100413,MK9BY7S5,
414,0A2C100414,MK5IM3H6,
415,0A2C100415,MKCB579K,
416,0A2C100416,MKSQIPJB,
417,0A2C100417,MK38SWA6,
418,0A2C100418,MKDHGGYH,
419,0A2C100419,MKTPFZWF,
420,0A2C100420,MKSD5QVD,
421,0A2C100421,MK8RHBII,
422,0A2C100422,MKTUZU0O,
423,0A2C100423,MK1A6YUK,
424,0A2C100424,MK5WYDGT,
425,0A2C100425,MK2W5ND2,
426,0A2C100426,MK9OHJB8,
427,0A2C100427,MKRWJAH6,
428,0A2C100428,MK0B00WG,
429,0A2C100429,MKEDHZWZ,
430,0A2C100430,MKGD8JNN,
431,0A2C100431,MKV1J7IW,
432,0A2C100432,MKHB9Y21,
433,0A2C100433,MKKF06VD,
434,0A2C100434,MKL69FRG,
435,0A2C100435,MKADOREU,
436,0A2C100436,MKHIDX02,
437,0A2C100437,MKEQDSDI,
438,0A2C100438,MKZW2XP1,
439,0A2C100439,MK5OY7H5,
440,0A2C100440,MK68JLLU,
441,0A2C100441,MK1K2XEZ,
442,0A2C100442,MKDCWPWF,
443,0A2C100443,MKU9NNQZ,
444,0A2C100444,MK4ZHHTU,
445,0A2C100445,MK6T8K34,
446,0A2C100446,MKIU8GBC,
447,0A2C100447,MKXP7HCK,
448,0A2C100448,MK5VN04Y,
449,0A2C100449,MKXF6H4W,
450,0A2C100450,MKLPKGT3,
451,0A2C100451,MKNZI92P,
452,0A2C100452,MKLXDG6O,
453,0A2C100453,MKSBI126,
454,0A2C100454,MK4WCHEA,
455,0A2C100455,MKDHFDGN,
456,0A2C100456,MK2NIYKG,
457,0A2C100457,MKVP4M8S,
458,0A2C100458,MKO9U82R,
459,0A2C100459,MKKPYYFK,
460,0A2C100460,MK09AZ4O,
461,0A2C100461,MKDFFVAU,
462,0A2C100462,MKFEBJQD,
463,0A2C100463,MKQ7X8FG,
464,0A2C100464,MK8OTOR0,
465,0A2C100465,MKLE6MOF,
466,0A2C100466,MKWQ2TSA,
467,0A2C100467,MKRBOTMG,
468,0A2C100468,MKPEESFQ,
469,0A2C100469,MKHNB2CC,
470,0A2C100470,MK8WJHN1,
471,0A2C100471,MK1KVTWI,
472,0A2C100472,MKVITCJU,
473,0A2C100473,MKMZH25X,
474,0A2C100474,MKJ97JLE,
475,0A2C100475,MK3WIUQD,
476,0A2C100476,MK3BNM77,
477,0A2C100477,MK6VP08O,
478,0A2C100478,MKR8JDPM,
479,0A2C100479,MKCZZGSA,
480,0A2C100480,MKI52DL2,
481,0A2C100481,MK6Q0DFN,
482,0A2C100482,MKJQ1OHG,
483,0A2C100483,MKL8EL9A,
484,0A2C100484,MKHOLS3P,
485,0A2C100485,MKU2HM5F,
486,0A2C100486,MKF7P43K,
487,0A2C100487,MK27U5UQ,
488,0A2C100488,MKPGNU1U,
489,0A2C100489,MKBJ6JV6,
490,0A2C100490,MKPCISWC,
491,0A2C100491,MKXYF333,
492,0A2C100492,MKEJHZAO,
493,0A2C100493,MKIDPAD4,
494,0A2C100494,MKL34NRG,
495,0A2C100495,MKVIJR06,
496,0A2C100496,MKRF7X32,
497,0A2C100497,MK8V2BXQ,
498,0A2C100498,MKSGJ3WA,
499,0A2C100499,MKKWR2R3,
500,0A2C100500,MKJPAKYU,
501,0A2C100501,MKOGR9HB,
502,0A2C100502,MKQGMLOS,
503,0A2C100503,MKUX7DXE,
504,0A2C100504,MK3DR2UO,
505,0A2C100505,MK2DSQZR,
506,0A2C100506,MKQV6DT2,
507,0A2C100507,MKXM66J2,
508,0A2C100508,MK920T2L,
509,0A2C100509,MKQN6FSJ,
510,0A2C100510,MK88I725,
511,0A2C100511,MKW2CZ7I,
512,0A2C100512,MKINYU0M,
513,0A2C100513,MK2ELTZO,
514,0A2C100514,MKESELHU,
515,0A2C100515,MKZZSFGT,
516,0A2C100516,MK9QFQLI,
517,0A2C100517,MKA881XU,
518,0A2C100518,MKIX1DGQ,
519,0A2C100519,MKF421IX,
520,0A2C100520,MKAF4TEP,
521,0A2C100521,MKVY5DLP,
522,0A2C100522,MK2I87M6,
523,0A2C100523,MKLVE1QX,
524,0A2C100524,MK8CG502,
525,0A2C100525,MKU2YIA4,
526,0A2C100526,MKG2LHAT,
527,0A2C100527,MKG8GR70,
528,0A2C100528,MK7VL88W,
529,0A2C100529,MKHIG3J0,
530,0A2C100530,MK4ZX47W,
531,0A2C100531,MKHPBRMN,
532,0A2C100532,MKKGB6RW,
533,0A2C100533,MK2AQ6J5,
534,0A2C100534,MKHGUDDS,
535,0A2C100535,MK05VYLB,
536,0A2C100536,MKOAVEJZ,
537,0A2C100537,MK6NBPJ5,
538,0A2C100538,MK1HCOI2,
539,0A2C100539,MKZDMQ6R,
540,0A2C100540,MKF8OG0B,
541,0A2C100541,MKTBGH2R,
542,0A2C100542,MKX50MKU,
543,0A2C100543,MK5Y3QJ7,
544,0A2C100544,MKEIRMIF,
545,0A2C100545,MKT62V08,
546,0A2C100546,MKY6R87U,
547,0A2C100547,MKGGJUR4,
548,0A2C100548,MKALG8U2,
549,0A2C100549,MKUDDK9O,
550,0A2C100550,MKWCBF4Z,
551,0A2C100551,MKLU5WZI,
552,0A2C100552,MKPMPGGL,
553,0A2C100553,MK9ECC8Y,
554,0A2C100554,MK9RMJJO,
555,0A2C100555,MKQM5VEF,
556,0A2C100556,MKGYQEC7,
557,0A2C100557,MKUPHOBG,
558,0A2C100558,MKXYGJK2,
559,0A2C100559,MKSUET3N,
560,0A2C100560,MKJ8ADO3,
561,0A2C100561,MKZ025SL,
562,0A2C100562,MKUA7YNP,
563,0A2C100563,MKNOR8R9,
564,0A2C100564,MK83278R,
565,0A2C100565,MKUQ5YSB,
566,0A2C100566,MK5LBRZH,
567,0A2C100567,MKSKGCB6,
568,0A2C100568,MKR00DOW,
569,0A2C100569,MK08PIC7,
570,0A2C100570,MKIG9MML,
571,0A2C100571,MK9YQR1C,
572,0A2C100572,MK675KGY,
573,0A2C100573,MKDLD8P9,
574,0A2C100574,MKOKNTK5,
575,0A2C100575,MKMT4PPF,
576,0A2C100576,MKTP0467,
577,0A2C100577,MKBNIBWS,
578,0A2C100578,MK7U6FRY,
579,0A2C100579,MKF17WUC,
580,0A2C100580,MK1827UZ,
581,0A2C100581,MKNM53SF,
582,0A2C100582,MKC36K25,
583,0A2C100583,MKZ4YPYO,
584,0A2C100584,MKXSLRVS,
585,0A2C100585,MKQD6C10,
586,0A2C100586,MKVB09Z7,
587,0A2C100587,MKN98GQ1,
588,0A2C100588,MKJMPN2Y,
589,0A2C100589,MK4AS52R,
590,0A2C100590,MK7T6K1C,
591,0A2C100591,MKUEZBEZ,
592,0A2C100592,MKAGBGM7,
593,0A2C100593,MK7TCU7N,
594,0A2C100594,MKNW5X8B,
595,0A2C100595,MKN1NY7V,
596,0A2C100596,MKMMV51B,
597,0A2C100597,MK802KOV,
598,0A2C100598,MKIMFUQO,
599,0A2C100599,MKE29VGN,
600,0A2C100600,MKLU4IU8,
601,0A2C100601,MKR8KKI5,
602,0A2C100602,MKJ8OBEW,
603,0A2C100603,MKCUOZ4U,
604,0A2C100604,MK70MZN6,
605,0A2C100605,MK2TQRXA,
606,0A2C100606,MKYQTI0F,
607,0A2C100607,MKAHWELF,
608,0A2C100608,MKAHOFF2,
609,0A2C100609,MKJSY15X,
610,0A2C100610,MKARB62Y,
611,0A2C100611,MKYVOC44,
612,0A2C100612,MKB5WZWC,
613,0A2C100613,MKB4FTG8,
614,0A2C100614,MK7U534P,
615,0A2C100615,MKHYW6E4,
616,0A2C100616,MKRXNX4V,
617,0A2C100617,MKVOOL76,
618,0A2C100618,MKSXLN88,
619,0A2C100619,MKZNVSZV,
620,0A2C100620,MKR37ZQ0,
621,0A2C100621,MK2TDAL8,
622,0A2C100622,MKPRTA80,
623,0A2C100623,MKAOYHGC,
624,0A2C100624,MKSKMC12,
625,0A2C100625,MKYN0E2F,
626,0A2C100626,MKCJ86MM,
627,0A2C100627,MKEMGCXS,
628,0A2C100628,MK2G83TS,
629,0A2C100629,MK4W4L98,
630,0A2C100630,MKKTA4W8,
631,0A2C100631,MKS4XNI5,
632,0A2C100632,MKJ5BC5O,
633,0A2C100633,MK1Y6LT8,
634,0A2C100634,MK8U8GRI,
635,0A2C100635,MKITRF97,
636,0A2C100636,MKGJBWVV,
637,0A2C100637,MKA4ZPQ4,
638,0A2C100638,MK0F5RWL,
639,0A2C100639,MKDUWHWO,
640,0A2C100640,MK1T0NGI,
641,0A2C100641,MKGSB445,
642,0A2C100642,MKDIUSQA,
643,0A2C100643,MKOFC29H,
644,0A2C100644,MK0HH8NX,
645,0A2C100645,MKCFCNSK,
646,0A2C100646,MKWUNEIB,
647,0A2C100647,MKZDB24Q,
648,0A2C100648,MKIZVJ2A,
649,0A2C100649,MKFANX9R,
650,0A2C100650,MKJUMQS4,
651,0A2C100651,MK4M5RYW,
652,0A2C100652,MKI2FH51,
653,0A2C100653,MK6XDQR6,
654,0A2C100654,MKZAYQQX,
655,0A2C100655,MKMV845E,
656,0A2C100656,MKQZ44UK,
657,0A2C100657,MKMELN7Y,
658,0A2C100658,MK6EBG5U,
659,0A2C100659,MK2X47LI,
660,0A2C100660,MKRO29ZP,
661,0A2C100661,MK41O9Q2,
662,0A2C100662,MK0G0QM3,
663,0A2C100663,MK83XG51,
664,0A2C100664,MK88KOQP,
665,0A2C100665,MKHZDYT6,
666,0A2C100666,MKRII9B2,
667,0A2C100667,MKL5RRO1,
668,0A2C100668,MK36T2AB,
669,0A2C100669,MKOS5HZV,
670,0A2C100670,MKU9SPC2,
671,0A2C100671,MKIPJP8Z,
672,0A2C100672,MK1PGB3R,
673,0A2C100673,MK3OFO6J,
674,0A2C100674,MKQINBJ0,
675,0A2C100675,MKMV3IWI,
676,0A2C100676,MKMBGD8D,
677,0A2C100677,MKTD7RYC,
678,0A2C100678,MK6TO3YB,
679,0A2C100679,MKK1A3K8,
680,0A2C100680,MKF91VER,
681,0A2C100681,MK55FPZH,
682,0A2C100682,MKJ0P252,
683,0A2C100683,MKB4BZXT,
684,0A2C100684,MKO8ALTG,
685,0A2C100685,MKXC90HV,
686,0A2C100686,MKYC5BEU,
687,0A2C100687,MKGMSOOZ,
688,0A2C100688,MKCK99RH,
689,0A2C100689,MKEQ3K4D,
690,0A2C100690,MKGSKN87,
691,0A2C100691,MKCRDVXT,
692,0A2C100692,MKDDA2EI,
693,0A2C100693,MK3EE2UQ,
694,0A2C100694,MKOZ28T3,
695,0A2C100695,MKFQA1BR,
696,0A2C100696,MKJ80NAD,
697,0A2C100697,MKV6YJND,
698,0A2C100698,MKQXIE6R,
699,0A2C100699,MKKNGIVQ,
700,0A2C100700,MKJEQ8YC,
701,0A2C100701,MK56QQ4X,
702,0A2C100702,MKE51293,
703,0A2C100703,MKPVUDO4,
704,0A2C100704,MKP96E8T,
705,0A2C100705,MKDZZ55G,
706,0A2C100706,MK7CLFOP,
707,0A2C100707,MK3C8P17,
708,0A2C100708,MKBMFOOU,
709,0A2C100709,MK6YXG6N,
710,0A2C100710,MKZ6E65P,
711,0A2C100711,MK5ACJNX,
712,0A2C100712,MKPKT1YD,
713,0A2C100713,MKBWU4S4,
714,0A2C100714,MK5UYPM9,
715,0A2C100715,MKG6YMB0,
716,0A2C100716,MK88ABCT,
717,0A2C100717,MKIVBN8D,
718,0A2C100718,MKKLMURE,
719,0A2C100719,MK5XPLD2,
720,0A2C100720,MKT5CII5,
721,0A2C100721,MKZFOQ1M,
722,0A2C100722,MKAXDLLS,
723,0A2C100723,MKLGFSZI,
724,0A2C100724,MKM1VWZ6,
725,0A2C100725,MK8DOMK5,
726,0A2C100726,MKR3IEW1,
727,0A2C100727,MKPNND8R,
728,0A2C100728,MKBYI2ZJ,
729,0A2C100729,MKPZNO66,
730,0A2C100730,MKMWAOLI,
731,0A2C100731,MKEH4WD4,
732,0A2C100732,MKDJV0VN,
733,0A2C100733,MKKXUCGV,
734,0A2C100734,MK6WB78G,
735,0A2C100735,MKXV8GEI,
736,0A2C100736,MKPHQKZO,
737,0A2C100737,MK0P0SN8,
738,0A2C100738,MKQPZT3Q,
739,0A2C100739,MKGYTUIP,
740,0A2C100740,MKAN5MLR,
741,0A2C100741,MKZ35WY6,
742,0A2C100742,MK46QDMH,
743,0A2C100743,MK41OGMQ,
744,0A2C100744,MKR0LHSD,
745,0A2C100745,MKYGVOD4,
746,0A2C100746,MKFLBV08,
747,0A2C100747,MK9E8BEO,
748,0A2C100748,MKMUIYQH,
749,0A2C100749,MKF1WXFJ,
750,0A2C100750,MKNJUX12,
751,0A2C100751,MKW80Z07,
752,0A2C100752,MKI5GC8V,
753,0A2C100753,MKQ2FW2R,
754,0A2C100754,MKZ92A72,
755,0A2C100755,MKMQPPS1,
756,0A2C100756,MKZZVYSI,
757,0A2C100757,MKD5WQWF,
758,0A2C100758,MKLZL4ZS,
759,0A2C100759,MK8K7BAF,
760,0A2C100760,MK9BF5J6,
761,0A2C100761,MKRG1FGX,
762,0A2C100762,MKW63YXU,
763,0A2C100763,MKUTJU9S,
764,0A2C100764,MKB8RCMU,
765,0A2C100765,MK5CHCL0,
766,0A2C100766,MKEFIB43,
767,0A2C100767,MKJGED2A,
768,0A2C100768,MK36UIRV,
769,0A2C100769,MKZR1LMF,
770,0A2C100770,MKZRN24L,
771,0A2C100771,MKVHCO6T,
772,0A2C100772,MKRLZ2D8,
773,0A2C100773,MKOR50JH,
774,0A2C100774,MKORL01S,
775,0A2C100775,MK4YMQ6M,
776,0A2C100776,MKKCL7MO,
777,0A2C100777,MKUUC9XT,
778,0A2C100778,MK35YF6X,
779,0A2C100779,MKY3AISJ,
780,0A2C100780,MKYXPHSD,
781,0A2C100781,MK30Z0BL,
782,0A2C100782,MKBDZRBP,
783,0A2C100783,MKNGRHWW,
784,0A2C100784,MKEB2HJJ,
785,0A2C100785,MKR7LNWH,
786,0A2C100786,MKFMVKQG,
787,0A2C100787,MKWOPGWP,
788,0A2C100788,MKPP1308,
789,0A2C100789,MKVAUA6Z,
790,0A2C100790,MKZYQRYI,
791,0A2C100791,MK6J536I,
792,0A2C100792,MKHLK3GU,
793,0A2C100793,MKSQ8H6R,
794,0A2C100794,MKDVHWJJ,
795,0A2C100795,MKXXEFSS,
796,0A2C100796,MKBO63AY,
797,0A2C100797,MKOODQDI,
798,0A2C100798,MKPONUG8,
799,0A2C100799,MK3GUTG8,
800,0A2C100800,MKK6AB2C,
801,0A2C100801,MKF9E226,
802,0A2C100802,MKLHUSYR,
803,0A2C100803,MKL1TG5B,
804,0A2C100804,MKPQZHNN,
805,0A2C100805,MK2G9OPX,
806,0A2C100806,MKNKCJVH,
807,0A2C100807,MKJJI7JV,
808,0A2C100808,MK9PB1B6,
809,0A2C100809,MKFDY73Q,
810,0A2C100810,MKVNU65W,
811,0A2C100811,MKZFWI0H,
812,0A2C100812,MKSQFEBG,
813,0A2C100813,MK0ESA84,
814,0A2C100814,MKPNE6CP,
815,0A2C100815,MK9VUTST,
816,0A2C100816,MKD9Z2GZ,
817,0A2C100817,MKN2IQTV,
818,0A2C100818,MK0CIQLO,
819,0A2C100819,MKGCLQRA,
820,0A2C100820,MKB1TY3E,
821,0A2C100821,MK3HHBH1,
822,0A2C100822,MKJG2LPW,
823,0A2C100823,MKKJKDX8,
824,0A2C100824,MKUYKMS8,
825,0A2C100825,MKPLP4SQ,
826,0A2C100826,MKSN9UWK,
827,0A2C100827,MKA0VRF4,
828,0A2C100828,MKBUS35U,
829,0A2C100829,MK74HLXI,
830,0A2C100830,MKAME5N3,
831,0A2C100831,MKBOFFFC,
832,0A2C100832,MKLXG1B3,
833,0A2C100833,MKB9H3JJ,
834,0A2C100834,MK34OXW2,
835,0A2C100835,MK8EVNOQ,
836,0A2C100836,MKW4O0QP,
837,0A2C100837,MKN2GLGJ,
838,0A2C100838,MKG5ZZM6,
839,0A2C100839,MK52I4QC,
840,0A2C100840,MKQZJLYI,
841,0A2C100841,MKKUSO14,
842,0A2C100842,MKK0CHWS,
843,0A2C100843,MKPC2Y78,
844,0A2C100844,MKQ083MS,
845,0A2C100845,MKDBLPU7,
846,0A2C100846,MKMRVAUP,
847,0A2C100847,MK8DSYCL,
848,0A2C100848,MKLZ1IR5,
849,0A2C100849,MKVIEAWJ,
850,0A2C100850,MK9XEP0H,
851,0A2C100851,MK2ETXJA,
852,0A2C100852,MKSP9FW7,
853,0A2C100853,MKKWM3MR,
854,0A2C100854,MKSJ0R8P,
855,0A2C100855,MK92YKTV,
856,0A2C100856,MKNW8D7J,
857,0A2C100857,MKUOXV9O,
858,0A2C100858,MK502Q99,
859,0A2C100859,MKEJODNQ,
860,0A2C100860,MK1SO666,
861,0A2C100861,MKPFRRI0,
862,0A2C100862,MK6NO1RJ,
863,0A2C100863,MKQG9NV1,
864,0A2C100864,MKBBZ2FZ,
865,0A2C100865,MKKGM09L,
866,0A2C100866,MK04QZFE,
867,0A2C100867,MKNS0KAT,
868,0A2C100868,MKAG2FCB,
869,0A2C100869,MKXJDTG3,
870,0A2C100870,MKZ3K6F1,
871,0A2C100871,MKDRMP35,
872,0A2C100872,MKTZOWX6,
873,0A2C100873,MK08GCU9,
874,0A2C100874,MKOHKVZG,
875,0A2C100875,MKCTU60K,
876,0A2C100876,MKB7FTA2,
877,0A2C100877,MK24SUQQ,
878,0A2C100878,MKX7ROUG,
879,0A2C100879,MKR2HOJU,
880,0A2C100880,MK5HZY9Q,
881,0A2C100881,MKD15Q2C,
882,0A2C100882,MK3ZQPTN,
883,0A2C100883,MKO4UE88,
884,0A2C100884,MKDVUKG6,
885,0A2C100885,MK21HQPK,
886,0A2C100886,MK84SCWO,
887,0A2C100887,MKRRD3ZU,
888,0A2C100888,MKC12OWG,
889,0A2C100889,MKMLL5SV,
890,0A2C100890,MK39MT3E,
891,0A2C100891,MKAX5AR5,
892,0A2C100892,MKM16JUP,
893,0A2C100893,MKYPAUXU,
894,0A2C100894,MKJ5WABH,
895,0A2C100895,MKP2329N,
896,0A2C100896,MKYWSE7A,
897,0A2C100897,MK3GJEQ6,
898,0A2C100898,MK0NTKJR,
899,0A2C100899,MK6REXAP,
900,0A2C100900,MK7I4F8J,
901,0A2C100901,MK5D0KH8,
902,0A2C100902,MKFZFNCS,
903,0A2C100903,MK16VRE7,
904,0A2C100904,MKIL8HNN,
905,0A2C100905,MKNFF7RU,
906,0A2C100906,MK9EAT6S,
907,0A2C100907,MKR0QNPQ,
908,0A2C100908,MKDM9YD1,
909,0A2C100909,MKPDFK4Z,
910,0A2C100910,MKSUS2TV,
911,0A2C100911,MKI814CK,
912,0A2C100912,MKHL0K46,
913,0A2C100913,MK3PR2KX,
914,0A2C100914,MK06LSTJ,
915,0A2C100915,MK3HAO4E,
916,0A2C100916,MKZKFZLL,
917,0A2C100917,MKO0TOF9,
918,0A2C100918,MKLPPKOZ,
919,0A2C100919,MKUK0PBW,
920,0A2C100920,MK0RH3IX,
921,0A2C100921,MK77OZ1S,
922,0A2C100922,MKVNYYSV,
923,0A2C100923,MK4L6J60,
924,0A2C100924,MKBB2QFK,
925,0A2C100925,MK8GNJV4,
926,0A2C100926,MKNPO8KA,
927,0A2C100927,MKDG7R5Z,
928,0A2C100928,MKJ18GZS,
929,0A2C100929,MK3BT9OS,
930,0A2C100930,MKBHVIVS,
931,0A2C100931,MK7GS0GB,
932,0A2C100932,MKEV131E,
933,0A2C100933,MKC0RV74,
934,0A2C100934,MKJIXN3S,
935,0A2C100935,MK3L6W6Y,
936,0A2C100936,MKSF3TYH,
937,0A2C100937,MKTMJTA0,
938,0A2C100938,MKW84AQT,
939,0A2C100939,MKF7ZLR4,
940,0A2C100940,MK3267O0,
941,0A2C100941,MKYNQ473,
942,0A2C100942,MKTJJKI5,
943,0A2C100943,MK3J30A5,
944,0A2C100944,MKUQZMBD,
945,0A2C100945,MK390GGK,
946,0A2C100946,MK4F5SPJ,
947,0A2C100947,MKD5VRCC,
948,0A2C100948,MK0V33TF,
949,0A2C100949,MKQBTLXV,
950,0A2C100950,MKV5CR79,
951,0A2C100951,MKJ54E83,
952,0A2C100952,MK2L8G18,
953,0A2C100953,MK9QCSLQ,
954,0A2C100954,MK6WR5OC,
955,0A2C100955,MK2O7W8Q,
956,0A2C100956,MKHI2GO9,
957,0A2C100957,MK9ZP8LJ,
958,0A2C100958,MKES1CMU,
959,0A2C100959,MKISG8DZ,
960,0A2C100960,MKTBUAQ3,
961,0A2C100961,MKZ31WL5,
962,0A2C100962,MKTNZ5ZV,
963,0A2C100963,MKSL7KSY,
964,0A2C100964,MKKKTXKM,
965,0A2C100965,MKGYMKCN,
966,0A2C100966,MK60MK5K,
967,0A2C100967,MK2J68T0,
968,0A2C100968,MK9J1UTK,
969,0A2C100969,MKWEO6DF,
970,0A2C100970,MKCBTRKO,
971,0A2C100971,MKTS2ZJE,
972,0A2C100972,MK7HIMTN,
973,0A2C100973,MKV09D7J,
974,0A2C100974,MKKIN9R6,
975,0A2C100975,MKMHBMUT,
976,0A2C100976,MKAF0H5Z,
977,0A2C100977,MKCP6UKZ,
978,0A2C100978,MKIRBUSC,
979,0A2C100979,MKEFB4IY,
980,0A2C100980,MKL4HHC7,
981,0A2C100981,MKPT4D6O,
982,0A2C100982,MKFEM8QK,
983,0A2C100983,MK5QUD9D,
984,0A2C100984,MK4UEQBQ,
985,0A2C100985,MKH1XWR1,
986,0A2C100986,MKAT4CBM,
987,0A2C100987,MKYTLMYO,
988,0A2C100988,MK8YUXSF,
989,0A2C100989,MK7ZFC09,
990,0A2C100990,MKDNXV54,
991,0A2C100991,MKFECXAO,
992,0A2C100992,MKDTGRJT,
993,0A2C100993,MK3EDHH0,
994,0A2C100994,MK3OIHDJ,
995,0A2C100995,MKK5JL75,
996,0A2C100996,MKMWWQJJ,
997,0A2C100997,MKMXGW0B,
998,0A2C100998,MKSA4HCV,
999,0A2C100999,MKSH7ODM,
1000,0A2C101000,MKYREVBS,
1001,0A2C101001,MK2JEGZK,
1002,0A2C101002,MKEC5EXX,
1003,0A2C101003,MKX3V3T6,
1004,0A2C101004,MKCH691F,
1005,0A2C101005,MKQ3XZ3N,
1006,0A2C101006,MK6JJQ77,
1007,0A2C101007,MKZ5OGCR,
1008,0A2C101008,MK365ROF,
1009,0A2C101009,MKTDNHH1,
1010,0A2C101010,MKNA7U6M,
1011,0A2C101011,MK10V2V9,
1012,0A2C101012,MKMI618B,
1013,0A2C101013,MKN2315Z,
1014,0A2C101014,MKDHVR7M,
1015,0A2C101015,MKUL4SBZ,
1016,0A2C101016,MKC3M9TN,
1017,0A2C101017,MKXB5K4J,
1018,0A2C101018,MKYURH80,
1019,0A2C101019,MKZS9QTO,
1020,0A2C101020,MK7M6BW3,
1021,0A2C101021,MKD6Y0GH,
1022,0A2C101022,MK1G43PU,
1023,0A2C101023,MKZN112U,
1024,0A2C101024,MKSKM0DE,
1025,0A2C101025,MK3YQ6AE,
1026,0A2C101026,MK73A0YD,
1027,0A2C101027,MKT2K9DA,
1028,0A2C101028,MKTIFDCS,
1029,0A2C101029,MKZ2FY5K,
1030,0A2C101030,MKKLBEJD,
1031,0A2C101031,MKZBF1TS,
1032,0A2C101032,MKLD7CQT,
1033,0A2C101033,MK0UVM7A,
1034,0A2C101034,MKI2VEON,
1035,0A2C101035,MK1V9PE2,
1036,0A2C101036,MKMICTJ0,
1037,0A2C101037,MK7B27XV,
1038,0A2C101038,MK1KNT65,
1039,0A2C101039,MK6FYQIL,
1040,0A2C101040,MKPXLIBH,
1041,0A2C101041,MKVM11KS,
1042,0A2C101042,MK6ZTB44,
1043,0A2C101043,MK4BHEB6,
1044,0A2C101044,MKJ5G38T,
1045,0A2C101045,MKBWL1YO,
1046,0A2C101046,MK7KS3V8,
1047,0A2C101047,MKJSOCTA,
1048,0A2C101048,MKPD5548,
1049,0A2C101049,MKVI4XQA,
1050,0A2C101050,MK8XXOBJ,
1051,0A2C101051,MK21KMBL,
1052,0A2C101052,MK8N89QD,
1053,0A2C101053,MKG2MEGM,
1054,0A2C101054,MKFQGOFL,
1055,0A2C101055,MKF5OTLD,
1056,0A2C101056,MKTSITO8,
1057,0A2C101057,MKB4ZSGP,
1058,0A2C101058,MK007G3O,
1059,0A2C101059,MKRH43FR,
1060,0A2C101060,MK0HGXOY,
1061,0A2C101061,MKTOYHHP,
1062,0A2C101062,MKXLLW60,
1063,0A2C101063,MKJFWZ9K,
1064,0A2C101064,MKKZXJ90,
1065,0A2C101065,MK49I28Y,
1066,0A2C101066,MKILG3WR,
1067,0A2C101067,MKF8VGMW,
1068,0A2C101068,MKTZXZRQ,
1069,0A2C101069,MK4BBZQD,
1070,0A2C101070,MK9Q0K49,
1071,0A2C101071,MKLL0EJH,
1072,0A2C101072,MK4MOYCF,
1073,0A2C101073,MKUOWP13,
1074,0A2C101074,MKY4I5AC,
1075,0A2C101075,MK5E2YCO,
1076,0A2C101076,MKL9Q11J,
1077,0A2C101077,MKZ3GF2U,
1078,0A2C101078,MK2SQBN4,
1079,0A2C101079,MKHX6O1U,
1080,0A2C101080,MKFOP2H7,
1081,0A2C101081,MKL2FRKY,
1082,0A2C101082,MKR067W7,
1083,0A2C101083,MKUE9RWF,
1084,0A2C101084,MK995LJC,
1085,0A2C101085,MK7N5TRC,
1086,0A2C101086,MKTGFITD,
1087,0A2C101087,MKH7A7DH,
1088,0A2C101088,MKEYIGSN,
1089,0A2C101089,MKCUYCV2,
1090,0A2C101090,MKE6KWG4,
1091,0A2C101091,MK29LA41,
1092,0A2C101092,MK9I4MM5,
1093,0A2C101093,MK80018N,
1094,0A2C101094,MKQMQWIS,
1095,0A2C101095,MKOG17LG,
1096,0A2C101096,MKXJZESN,
1097,0A2C101097,MKXUZQL6,
1098,0A2C101098,MKJX6THF,
1099,0A2C101099,MKPAMSNU,
1100,0A2C101100,MK5MOHXY,
1101,0A2C101101,MKAX2GL0,
1102,0A2C101102,MKP9R59H,
1103,0A2C101103,MKPSAUXU,
1104,0A2C101104,MKVGGJWN,
1105,0A2C101105,MKAAIVUO,
1106,0A2C101106,MK2A1P8O,
1107,0A2C101107,MKRM2NMB,
1108,0A2C101108,MKLPDDG3,
1109,0A2C101109,MKHV6P85,
1110,0A2C101110,MK268T7G,
1111,0A2C101111,MKDMEYOE,
1112,0A2C101112,MK2CMSLJ,
1113,0A2C101113,MKOR7E3V,
1114,0A2C101114,MK3HY81N,
1115,0A2C101115,MKR1H2JY,
1116,0A2C101116,MKCKII4K,
1117,0A2C101117,MK0PR0UJ,
1118,0A2C101118,MKPSDXJU,
1119,0A2C101119,MKCRY2ZI,
1120,0A2C101120,MKKO1BA7,
1121,0A2C101121,MKRLXCR3,
1122,0A2C101122,MKP59QGH,
1123,0A2C101123,MKZINP18,
1124,0A2C101124,MKJZB8QX,
1125,0A2C101125,MK80NMMB,
1126,0A2C101126,MKXG5OF5,
1127,0A2C101127,MK1YJJ59,
1128,0A2C101128,MK67RN7V,
1129,0A2C101129,MKQR6G6W,
1130,0A2C101130,MKQM7GSO,
1131,0A2C101131,MK5D5TMA,
1132,0A2C101132,MKMTFSPY,
1133,0A2C101133,MKA422RN,
1134,0A2C101134,MKJ1623R,
1135,0A2C101135,MK6458QZ,
1136,0A2C101136,MKGAJ8PF,
1137,0A2C101137,MKZYXIX6,
1138,0A2C101138,MKG941CE,
1139,0A2C101139,MKEOWPBA,
1140,0A2C101140,MKHZATWR,
1141,0A2C101141,MKVOROXX,
1142,0A2C101142,MKVSEWMQ,
1143,0A2C101143,MKL95LB8,
1144,0A2C101144,MKU53ZWB,
1145,0A2C101145,MKO1MUOP,
1146,0A2C101146,MKO2I1NX,
1147,0A2C101147,MK90H5BE,
1148,0A2C101148,MKGL18DD,
1149,0A2C101149,MKYOO1A3,
1150,0A2C101150,MKDP81V8,
1151,0A2C101151,MKV4D2MH,
1152,0A2C101152,MKBNJFCS,
1153,0A2C101153,MKUX7D4P,
1154,0A2C101154,MKLXT9JN,
1155,0A2C101155,MK4K2A1L,
1156,0A2C101156,MKUU7NIM,
1157,0A2C101157,MKYXOK7B,
1158,0A2C101158,MKLFTLLJ,
1159,0A2C101159,MKW1COF8,
1160,0A2C101160,MKDP49B8,
1161,0A2C101161,MKDADQFY,
1162,0A2C101162,MKP0LK06,
1163,0A2C101163,MKE3VXJS,
1164,0A2C101164,MKEAY9WT,
1165,0A2C101165,MKGHEYI6,
1166,0A2C101166,MKMMZBV5,
1167,0A2C101167,MK1F76ZX,
1168,0A2C101168,MKQEDQTW,
1169,0A2C101169,MK9AIGN7,
1170,0A2C101170,MKIQ0V05,
1171,0A2C101171,MKR1S5AE,
1172,0A2C101172,MKUGIGSX,
1173,0A2C101173,MKUOD9OV,
1174,0A2C101174,MKRFAFQP,
1175,0A2C101175,MK5OCVA4,
1176,0A2C101176,MKTDIRNO,
1177,0A2C101177,MKKHHX53,
1178,0A2C101178,MKCEB6BU,
1179,0A2C101179,MK1CK7UW,
1180,0A2C101180,MKJIDYTY,
1181,0A2C101181,MKKXYNJC,
1182,0A2C101182,MKOJ518Y,
1183,0A2C101183,MK7IBFZK,
1184,0A2C101184,MKEDYC5M,
1185,0A2C101185,MKY2MNF2,
1186,0A2C101186,MKY9VFZC,
1187,0A2C101187,MKUBI0KE,
1188,0A2C101188,MKWDE2W3,
1189,0A2C101189,MKWNFFMA,
1190,0A2C101190,MKX5LEC2,
1191,0A2C101191,MKD3I9K6,
1192,0A2C101192,MKBZYX9S,
1193,0A2C101193,MK34VYXQ,
1194,0A2C101194,MK74O1LP,
1195,0A2C101195,MKE5X0ZK,
1196,0A2C101196,MKR82Q26,
1197,0A2C101197,MKD36Z4B,
1198,0A2C101198,MK0W6MBC,
1199,0A2C101199,MKAF7OEF,
1200,0A2C101200,MK2XG43T,
1201,0A2C101201,MK9MDP73,
1202,0A2C101202,MKNGQMAN,
1203,0A2C101203,MKDWB16W,
1204,0A2C101204,MKD8LTP3,
1205,0A2C101205,MKLE9SUG,
1206,0A2C101206,MKFWW120,
1207,0A2C101207,MK8WGJU4,
1208,0A2C101208,MKKIU3Y9,
1209,0A2C101209,MKAGWMWD,
1210,0A2C101210,MKD5TPNN,
1211,0A2C101211,MKHTV8G2,
1212,0A2C101212,MKDSFX3W,
1213,0A2C101213,MKLTAJA9,
1214,0A2C101214,MKC5SBUS,
1215,0A2C101215,MKKR5DNU,
1216,0A2C101216,MKXMVIY8,
1217,0A2C101217,MKVX98RN,
1218,0A2C101218,MKV323WV,
1219,0A2C101219,MKBOCJBY,
1220,0A2C101220,MKHA9UNF,
1221,0A2C101221,MKDRD7BX,
1222,0A2C101222,MK5UZ6R2,
1223,0A2C101223,MKBZLMY2,
1224,0A2C101224,MKPX7LZE,
1225,0A2C101225,MK42W0ED,
1226,0A2C101226,MK15QY94,
1227,0A2C101227,MKFC6P11,
1228,0A2C101228,MKZ7AE5Q,
1229,0A2C101229,MKG55OC2,
1230,0A2C101230,MKGNMONL,
1231,0A2C101231,MKYPI7DO,
1232,0A2C101232,MK8YCLWC,
1233,0A2C101233,MK43ALPF,
1234,0A2C101234,MK5WC5HU,
1235,0A2C101235,MK1P0Q8H,
1236,0A2C101236,MKKUURMW,
1237,0A2C101237,MKKI5VUF,
1238,0A2C101238,MKVP9C09,
1239,0A2C101239,MK09WVDO,
1240,0A2C101240,MKH1G16G,
1241,0A2C101241,MK971JFP,
1242,0A2C101242,MKHWLPE6,
1243,0A2C101243,MK5DXZV7,
1244,0A2C101244,MK8CACSX,
1245,0A2C101245,MK3V9QZS,
1246,0A2C101246,MKE0RB22,
1247,0A2C101247,MKG69NSR,
1248,0A2C101248,MKA3DHCV,
1249,0A2C101249,MKTRLAEN,
1250,0A2C101250,MKR0B05Q,
1251,0A2C101251,MKY9KZYG,
1252,0A2C101252,MKV4HET9,
1253,0A2C101253,MKQ7P7QQ,
1254,0A2C101254,MK733OQW,
1255,0A2C101255,MKPOP1WB,
1256,0A2C101256,MK94NUR2,
1257,0A2C101257,MK1ANR4X,
1258,0A2C101258,MKH8DPBO,
1259,0A2C101259,MKLO261E,
1260,0A2C101260,MK4R3WVO,
1261,0A2C101261,MKON1VWB,
1262,0A2C101262,MKO9ANMD,
1263,0A2C101263,MK7FTR4C,
1264,0A2C101264,MKPLSHE7,
1265,0A2C101265,MKKLN0J6,
1266,0A2C101266,MKAGGPXI,
1267,0A2C101267,MKXS46NA,
1268,0A2C101268,MKGVF2TG,
1269,0A2C101269,MK7JC44Z,
1270,0A2C101270,MK16CPTE,
1271,0A2C101271,MKZL7WVO,
1272,0A2C101272,MKSB25PQ,
1273,0A2C101273,MKZZFEPM,
1274,0A2C101274,MK5P6BYT,
1275,0A2C101275,MKCWHSY7,
1276,0A2C101276,MKYMVBS5,
1277,0A2C101277,MK64MGYG,
1278,0A2C101278,MKOM2HBL,
1279,0A2C101279,MKVLNA70,
1280,0A2C101280,MKS5JDRW,
1281,0A2C101281,MKCTHEFI,
1282,0A2C101282,MKA85GAI,
1283,0A2C101283,MKYJFNGB,
1284,0A2C101284,MK15WHZ7,
1285,0A2C101285,MK26NMNE,
1286,0A2C101286,MK4IHT8X,
1287,0A2C101287,MKLGSWCQ,
1288,0A2C101288,MKV6R72E,
1289,0A2C101289,MKTKCKCG,
1290,0A2C101290,MKSH814K,
1291,0A2C101291,MKUSXE2Y,
1292,0A2C101292,MK7V6DTW,
1293,0A2C101293,MKA43ZOD,
1294,0A2C101294,MKIDOXZG,
1295,0A2C101295,MKEH42FS,
1296,0A2C101296,MK67U3GT,
1297,0A2C101297,MK7B68I7,
1298,0A2C101298,MKGF2941,
1299,0A2C101299,MKA03HKT,
1300,0A2C101300,MK9HEUGE,
1301,0A2C101301,MKKY05UM,
1302,0A2C101302,MKF1ZB2X,
1303,0A2C101303,MKALJ5BP,
1304,0A2C101304,MK5GRN50,
1305,0A2C101305,MKEZS3PF,
1306,0A2C101306,MKMF1KKW,
1307,0A2C101307,MKCMCPLQ,
1308,0A2C101308,MKFQH827,
1309,0A2C101309,MK6PZJDF,
1310,0A2C101310,MKX0L0TL,
1311,0A2C101311,MKBKT5ZY,
1312,0A2C101312,MK6ZYSB4,
1313,0A2C101313,MKISTV55,
1314,0A2C101314,MKXNT97N,
1315,0A2C101315,MK8ZP0E9,
1316,0A2C101316,MKL1SUFI,
1317,0A2C101317,MK89FUNC,
1318,0A2C101318,MKZ9QVT8,
1319,0A2C101319,MKE8X1KH,
1320,0A2C101320,MKU4WKZ6,
1321,0A2C101321,MK4BBD7C,
1322,0A2C101322,MKTEU1DE,
1323,0A2C101323,MKUOLTWN,
1324,0A2C101324,MKTTEK7H,
1325,0A2C101325,MK6UEJ9V,
1326,0A2C101326,MKB87MEA,
1327,0A2C101327,MKC7153S,
1328,0A2C101328,MKWI4E75,
1329,0A2C101329,MK8G4IJH,
1330,0A2C101330,MKOSZEU9,
1331,0A2C101331,MKZG4Z80,
1332,0A2C101332,MKQECF02,
1333,0A2C101333,MK1CQ3RO,
1334,0A2C101334,MKUV2MTJ,
1335,0A2C101335,MKIAEJWU,
1336,0A2C101336,MKUK6UYP,
1337,0A2C101337,MKX29URW,
1338,0A2C101338,MKQLB7SI,
1339,0A2C101339,MK0FAQSQ,
1340,0A2C101340,MKKKPUJ3,
1341,0A2C101341,MK34JYZK,
1342,0A2C101342,MK4N4UR7,
1343,0A2C101343,MKOPDU5P,
1344,0A2C101344,MKLJ08IE,
1345,0A2C101345,MK81EQTT,
1346,0A2C101346,MKA04WIZ,
1347,0A2C101347,MKLZ77JO,
1348,0A2C101348,MKM6M27U,
1349,0A2C101349,MK6I6GY9,
1350,0A2C101350,MK1F3FDB,
1351,0A2C101351,MKUB3ZDW,
1352,0A2C101352,MKX69HOO,
1353,0A2C101353,MK96NHRC,
1354,0A2C101354,MK2XYICR,
1355,0A2C101355,MKLHIX8A,
1356,0A2C101356,MKL0JTVY,
1357,0A2C101357,MKZ05M44,
1358,0A2C101358,MKLT3NQ1,
1359,0A2C101359,MK88S547,
1360,0A2C101360,MKXYRGBC,
1361,0A2C101361,MKW9Q0U1,
1362,0A2C101362,MKKUUSTU,
1363,0A2C101363,MKM0WX0G,
1364,0A2C101364,MK1V3J5F,
1365,0A2C101365,MKT5N3GP,
1366,0A2C101366,MKB1XS2Q,
1367,0A2C101367,MKH13S2M,
1368,0A2C101368,MK3IC5B4,
1369,0A2C101369,MKG5R9VH,
1370,0A2C101370,MKWWVQBV,
1371,0A2C101371,MK6EQAP2,
1372,0A2C101372,MK2B2MHC,
1373,0A2C101373,MK2R07NC,
1374,0A2C101374,MKGO7QDV,
1375,0A2C101375,MKM6FGCH,
1376,0A2C101376,MKXNA1R1,
1377,0A2C101377,MK3RL6PY,
1378,0A2C101378,MKOAB9W4,
1379,0A2C101379,MKM78KRK,
1380,0A2C101380,MKG37WHB,
1381,0A2C101381,MKSJNZJM,
1382,0A2C101382,MK1A87QQ,
1383,0A2C101383,MKZMDQSS,
1384,0A2C101384,MKCG1V6W,
1385,0A2C101385,MKB6EBDL,
1386,0A2C101386,MKN2H7JS,
1387,0A2C101387,MKY0XZXE,
1388,0A2C101388,MKYW747Z,
1389,0A2C101389,MKSODAQD,
1390,0A2C101390,MKF2G1HL,
1391,0A2C101391,MK0Q692O,
1392,0A2C101392,MKO30SA7,
1393,0A2C101393,MK5FYEJ7,
1394,0A2C101394,MKSO4JN3,
1395,0A2C101395,MK6TLWL9,
1396,0A2C101396,MKTL97DD,
1397,0A2C101397,MKUQVGVF,
1398,0A2C101398,MK59XSUI,
1399,0A2C101399,MK1T1TFN,
1400,0A2C101400,MKG1K21S,
1401,0A2C101401,MKDIHDYE,
1402,0A2C101402,MK4HM6WA,
1403,0A2C101403,MKHH1MKB,
1404,0A2C101404,MKTBSF9V,
1405,0A2C101405,MK6FBQOE,
1406,0A2C101406,MK268IJB,
1407,0A2C101407,MKLGS7K2,
1408,0A2C101408,MKY45FNY,
1409,0A2C101409,MKYIYKYS,
1410,0A2C101410,MKBTL6OV,
1411,0A2C101411,MKLX0UP9,
1412,0A2C101412,MKUI0ACU,
1413,0A2C101413,MKZDGRVO,
1414,0A2C101414,MKLQQX6J,
1415,0A2C101415,MKT3A2EI,
1416,0A2C101416,MKGO8I3O,
1417,0A2C101417,MKM43D20,
1418,0A2C101418,MKDBZACR,
1419,0A2C101419,MKGOH604,
1420,0A2C101420,MKOHP0DY,
1421,0A2C101421,MKBC039C,
1422,0A2C101422,MKJCTOTX,
1423,0A2C101423,MKHLGRJ9,
1424,0A2C101424,MKVO7C4W,
1425,0A2C101425,MKBBAALD,
1426,0A2C101426,MKL0JUOU,
1427,0A2C101427,MKFR9WGA,
1428,0A2C101428,MKVKU0GR,
1429,0A2C101429,MK8PGRNA,
1430,0A2C101430,MKKL00Y7,
1431,0A2C101431,,
1432,0A2C101432,,
1433,0A2C101433,,
1434,0A2C101434,,
1435,0A2C101435,,
1436,0A2C101436,,
1437,0A2C101437,,
1438,0A2C101438,,
1439,0A2C101439,,
1440,0A2C101440,,
1441,0A2C101441,,
1442,0A2C101442,,
1443,0A2C101443,,
1444,0A2C101444,,
1445,0A2C101445,,
1446,0A2C101446,,
1447,0A2C101447,,
1448,0A2C101448,,
1449,0A2C101449,,
1450,0A2C101450,,
1451,0A2C101451,,
1452,0A2C101452,,
1453,0A2C101453,,
1454,0A2C101454,,
1455,0A2C101455,,
1456,0A2C101456,,
1457,0A2C101457,,
1458,0A2C101458,,
1459,0A2C101459,,
1460,0A2C101460,,
1461,0A2C101461,,
1462,0A2C101462,,
1463,0A2C101463,,
1464,0A2C101464,,
1465,0A2C101465,,
1466,0A2C101466,,
1467,0A2C101467,,
1468,0A2C101468,,
1469,0A2C101469,,
1470,0A2C101470,,
1471,0A2C101471,,
1472,0A2C101472,,
1473,0A2C101473,,
1474,0A2C101474,,
1475,0A2C101475,,
1476,0A2C101476,,
1477,0A2C101477,,
1478,0A2C101478,,
1479,0A2C101479,,
1480,0A2C101480,,
1481,0A2C101481,,
1482,0A2C101482,,
1483,0A2C101483,,
1484,0A2C101484,,
1485,0A2C101485,,
1486,0A2C101486,,
1487,0A2C101487,,
1488,0A2C101488,,
1489,0A2C101489,,
1490,0A2C101490,,
1491,0A2C101491,,
1492,0A2C101492,,
1493,0A2C101493,,
1494,0A2C101494,,
1495,0A2C101495,,
1496,0A2C101496,,
1497,0A2C101497,,
1498,0A2C101498,,
1499,0A2C101499,,
1500,0A2C101500,,
